{
  "accounts": [
    {
      "username": "Josefin",
      "password": "hej",
      "highscore": 56,
      "favorites": [
        "shetland sheepdog",
        "norfolk terrier",
        "norwegian elkhound",
        "newfoundland",
        "akita",
        "golden retriever"
      ]
    },
    {
      "username": "Sara",
      "password": "hej"
    },
    {
      "username": "Tilde",
      "password": "hej"
    },
    {
      "username": "Maja",
      "password": "hej"
    },
    {
      "username": "Erik",
      "password": "hej"
    },
    {
      "username": "Sebbe",
      "password": "hej",
      "highscore": 42,
      "favorites": [
        "chihuahua"
      ]
    }
  ]
}