{
  "accounts": [
    {
      "username": "Josefin",
      "password": "hej",
      "highscore": 23,
      "favorites": [
        "newfoundland",
        "akita",
        "golden retriever",
        "tibetan terrier",
        "italian greyhound",
        "norwegian buhund"
      ]
    },
    {
      "username": "Sara",
      "password": "hej"
    },
    {
      "username": "Tilde",
      "password": "hej"
    },
    {
      "username": "Maja",
      "password": "hej"
    },
    {
      "username": "Erik",
      "password": "hej"
    },
    {
      "username": "Sebbe",
      "password": "hej",
      "highscore": 42,
      "favorites": [
        "chihuahua"
      ]
    }
  ]
}